variant,path,doc_id,page,family,window,width,height,pixels,bytes,source_pdf
dpi150,data/perturbed/dpi150/a_share_annual_old_002310_2026-04-30_p20.png,a_share_annual_old_002310_2026-04-30,20,a_share_annual,old,1240,1754,2174960,287676,data/corpus/a_share_annual/a_share_annual_old_002310_2026-04-30.pdf
dpi100,data/perturbed/dpi100/a_share_annual_old_002310_2026-04-30_p20.png,a_share_annual_old_002310_2026-04-30,20,a_share_annual,old,827,1170,967590,171126,data/corpus/a_share_annual/a_share_annual_old_002310_2026-04-30.pdf
jpeg30,data/perturbed/jpeg30/a_share_annual_old_002310_2026-04-30_p20.jpg,a_share_annual_old_002310_2026-04-30,20,a_share_annual,old,2480,3508,8699840,395288,data/corpus/a_share_annual/a_share_annual_old_002310_2026-04-30.pdf
rot2,data/perturbed/rot2/a_share_annual_old_002310_2026-04-30_p20.png,a_share_annual_old_002310_2026-04-30,20,a_share_annual,old,2480,3508,8699840,1241329,data/corpus/a_share_annual/a_share_annual_old_002310_2026-04-30.pdf
photocopy,data/perturbed/photocopy/a_share_annual_old_002310_2026-04-30_p20.png,a_share_annual_old_002310_2026-04-30,20,a_share_annual,old,1240,1754,2174960,3989580,data/corpus/a_share_annual/a_share_annual_old_002310_2026-04-30.pdf
dpi150,data/perturbed/dpi150/a_share_annual_old_002898_2026-04-30_p22.png,a_share_annual_old_002898_2026-04-30,22,a_share_annual,old,1241,1755,2177955,275443,data/corpus/a_share_annual/a_share_annual_old_002898_2026-04-30.pdf
dpi100,data/perturbed/dpi100/a_share_annual_old_002898_2026-04-30_p22.png,a_share_annual_old_002898_2026-04-30,22,a_share_annual,old,827,1170,967590,162551,data/corpus/a_share_annual/a_share_annual_old_002898_2026-04-30.pdf
jpeg30,data/perturbed/jpeg30/a_share_annual_old_002898_2026-04-30_p22.jpg,a_share_annual_old_002898_2026-04-30,22,a_share_annual,old,2481,3509,8705829,394397,data/corpus/a_share_annual/a_share_annual_old_002898_2026-04-30.pdf
rot2,data/perturbed/rot2/a_share_annual_old_002898_2026-04-30_p22.png,a_share_annual_old_002898_2026-04-30,22,a_share_annual,old,2481,3509,8705829,1203000,data/corpus/a_share_annual/a_share_annual_old_002898_2026-04-30.pdf
photocopy,data/perturbed/photocopy/a_share_annual_old_002898_2026-04-30_p22.png,a_share_annual_old_002898_2026-04-30,22,a_share_annual,old,1241,1755,2177955,4002347,data/corpus/a_share_annual/a_share_annual_old_002898_2026-04-30.pdf
dpi150,data/perturbed/dpi150/a_share_annual_older_300208_2025-04-30_p17.png,a_share_annual_older_300208_2025-04-30,17,a_share_annual,older,1241,1755,2177955,404335,data/corpus/a_share_annual/a_share_annual_older_300208_2025-04-30.pdf
dpi100,data/perturbed/dpi100/a_share_annual_older_300208_2025-04-30_p17.png,a_share_annual_older_300208_2025-04-30,17,a_share_annual,older,827,1170,967590,230319,data/corpus/a_share_annual/a_share_annual_older_300208_2025-04-30.pdf
jpeg30,data/perturbed/jpeg30/a_share_annual_older_300208_2025-04-30_p17.jpg,a_share_annual_older_300208_2025-04-30,17,a_share_annual,older,2481,3509,8705829,558707,data/corpus/a_share_annual/a_share_annual_older_300208_2025-04-30.pdf
rot2,data/perturbed/rot2/a_share_annual_older_300208_2025-04-30_p17.png,a_share_annual_older_300208_2025-04-30,17,a_share_annual,older,2481,3509,8705829,1861504,data/corpus/a_share_annual/a_share_annual_older_300208_2025-04-30.pdf
photocopy,data/perturbed/photocopy/a_share_annual_older_300208_2025-04-30_p17.png,a_share_annual_older_300208_2025-04-30,17,a_share_annual,older,1241,1755,2177955,4144103,data/corpus/a_share_annual/a_share_annual_older_300208_2025-04-30.pdf
dpi150,data/perturbed/dpi150/a_share_annual_older_300208_2025-04-30_p87.png,a_share_annual_older_300208_2025-04-30,87,a_share_annual,older,1241,1755,2177955,218725,data/corpus/a_share_annual/a_share_annual_older_300208_2025-04-30.pdf
dpi100,data/perturbed/dpi100/a_share_annual_older_300208_2025-04-30_p87.png,a_share_annual_older_300208_2025-04-30,87,a_share_annual,older,827,1170,967590,127950,data/corpus/a_share_annual/a_share_annual_older_300208_2025-04-30.pdf
jpeg30,data/perturbed/jpeg30/a_share_annual_older_300208_2025-04-30_p87.jpg,a_share_annual_older_300208_2025-04-30,87,a_share_annual,older,2481,3509,8705829,405649,data/corpus/a_share_annual/a_share_annual_older_300208_2025-04-30.pdf
rot2,data/perturbed/rot2/a_share_annual_older_300208_2025-04-30_p87.png,a_share_annual_older_300208_2025-04-30,87,a_share_annual,older,2481,3509,8705829,1124998,data/corpus/a_share_annual/a_share_annual_older_300208_2025-04-30.pdf
photocopy,data/perturbed/photocopy/a_share_annual_older_300208_2025-04-30_p87.png,a_share_annual_older_300208_2025-04-30,87,a_share_annual,older,1241,1755,2177955,4004865,data/corpus/a_share_annual/a_share_annual_older_300208_2025-04-30.pdf
dpi150,data/perturbed/dpi150/a_share_annual_older_688152_2025-04-29_p160.png,a_share_annual_older_688152_2025-04-29,160,a_share_annual,older,1241,1754,2176714,306442,data/corpus/a_share_annual/a_share_annual_older_688152_2025-04-29.pdf
dpi100,data/perturbed/dpi100/a_share_annual_older_688152_2025-04-29_p160.png,a_share_annual_older_688152_2025-04-29,160,a_share_annual,older,827,1170,967590,182177,data/corpus/a_share_annual/a_share_annual_older_688152_2025-04-29.pdf
jpeg30,data/perturbed/jpeg30/a_share_annual_older_688152_2025-04-29_p160.jpg,a_share_annual_older_688152_2025-04-29,160,a_share_annual,older,2481,3508,8703348,479366,data/corpus/a_share_annual/a_share_annual_older_688152_2025-04-29.pdf
rot2,data/perturbed/rot2/a_share_annual_older_688152_2025-04-29_p160.png,a_share_annual_older_688152_2025-04-29,160,a_share_annual,older,2481,3508,8703348,1346557,data/corpus/a_share_annual/a_share_annual_older_688152_2025-04-29.pdf
photocopy,data/perturbed/photocopy/a_share_annual_older_688152_2025-04-29_p160.png,a_share_annual_older_688152_2025-04-29,160,a_share_annual,older,1241,1754,2176714,3990450,data/corpus/a_share_annual/a_share_annual_older_688152_2025-04-29.pdf
dpi150,data/perturbed/dpi150/a_share_annual_older_688152_2025-04-29_p243.png,a_share_annual_older_688152_2025-04-29,243,a_share_annual,older,1241,1754,2176714,313051,data/corpus/a_share_annual/a_share_annual_older_688152_2025-04-29.pdf
dpi100,data/perturbed/dpi100/a_share_annual_older_688152_2025-04-29_p243.png,a_share_annual_older_688152_2025-04-29,243,a_share_annual,older,827,1170,967590,187103,data/corpus/a_share_annual/a_share_annual_older_688152_2025-04-29.pdf
jpeg30,data/perturbed/jpeg30/a_share_annual_older_688152_2025-04-29_p243.jpg,a_share_annual_older_688152_2025-04-29,243,a_share_annual,older,2481,3508,8703348,472049,data/corpus/a_share_annual/a_share_annual_older_688152_2025-04-29.pdf
rot2,data/perturbed/rot2/a_share_annual_older_688152_2025-04-29_p243.png,a_share_annual_older_688152_2025-04-29,243,a_share_annual,older,2481,3508,8703348,1418000,data/corpus/a_share_annual/a_share_annual_older_688152_2025-04-29.pdf
photocopy,data/perturbed/photocopy/a_share_annual_older_688152_2025-04-29_p243.png,a_share_annual_older_688152_2025-04-29,243,a_share_annual,older,1241,1754,2176714,4012697,data/corpus/a_share_annual/a_share_annual_older_688152_2025-04-29.pdf
dpi150,data/perturbed/dpi150/a_share_interim_new_600337_2026-08-30_p46.png,a_share_interim_new_600337_2026-08-30,46,a_share_interim,new,1241,1754,2176714,317390,data/corpus/a_share_interim/a_share_interim_new_600337_2026-08-30.pdf
dpi100,data/perturbed/dpi100/a_share_interim_new_600337_2026-08-30_p46.png,a_share_interim_new_600337_2026-08-30,46,a_share_interim,new,827,1170,967590,181886,data/corpus/a_share_interim/a_share_interim_new_600337_2026-08-30.pdf
jpeg30,data/perturbed/jpeg30/a_share_interim_new_600337_2026-08-30_p46.jpg,a_share_interim_new_600337_2026-08-30,46,a_share_interim,new,2481,3508,8703348,485242,data/corpus/a_share_interim/a_share_interim_new_600337_2026-08-30.pdf
rot2,data/perturbed/rot2/a_share_interim_new_600337_2026-08-30_p46.png,a_share_interim_new_600337_2026-08-30,46,a_share_interim,new,2481,3508,8703348,1363753,data/corpus/a_share_interim/a_share_interim_new_600337_2026-08-30.pdf
photocopy,data/perturbed/photocopy/a_share_interim_new_600337_2026-08-30_p46.png,a_share_interim_new_600337_2026-08-30,46,a_share_interim,new,1241,1754,2176714,3994232,data/corpus/a_share_interim/a_share_interim_new_600337_2026-08-30.pdf
dpi150,data/perturbed/dpi150/a_share_interim_new_600337_2026-08-30_p48.png,a_share_interim_new_600337_2026-08-30,48,a_share_interim,new,1241,1754,2176714,282866,data/corpus/a_share_interim/a_share_interim_new_600337_2026-08-30.pdf
dpi100,data/perturbed/dpi100/a_share_interim_new_600337_2026-08-30_p48.png,a_share_interim_new_600337_2026-08-30,48,a_share_interim,new,827,1170,967590,163875,data/corpus/a_share_interim/a_share_interim_new_600337_2026-08-30.pdf
jpeg30,data/perturbed/jpeg30/a_share_interim_new_600337_2026-08-30_p48.jpg,a_share_interim_new_600337_2026-08-30,48,a_share_interim,new,2481,3508,8703348,464862,data/corpus/a_share_interim/a_share_interim_new_600337_2026-08-30.pdf
rot2,data/perturbed/rot2/a_share_interim_new_600337_2026-08-30_p48.png,a_share_interim_new_600337_2026-08-30,48,a_share_interim,new,2481,3508,8703348,1240365,data/corpus/a_share_interim/a_share_interim_new_600337_2026-08-30.pdf
photocopy,data/perturbed/photocopy/a_share_interim_new_600337_2026-08-30_p48.png,a_share_interim_new_600337_2026-08-30,48,a_share_interim,new,1241,1754,2176714,3962938,data/corpus/a_share_interim/a_share_interim_new_600337_2026-08-30.pdf
dpi150,data/perturbed/dpi150/a_share_interim_new_600809_2026-08-30_p25.png,a_share_interim_new_600809_2026-08-30,25,a_share_interim,new,1241,1754,2176714,300139,data/corpus/a_share_interim/a_share_interim_new_600809_2026-08-30.pdf
dpi100,data/perturbed/dpi100/a_share_interim_new_600809_2026-08-30_p25.png,a_share_interim_new_600809_2026-08-30,25,a_share_interim,new,827,1170,967590,180804,data/corpus/a_share_interim/a_share_interim_new_600809_2026-08-30.pdf
jpeg30,data/perturbed/jpeg30/a_share_interim_new_600809_2026-08-30_p25.jpg,a_share_interim_new_600809_2026-08-30,25,a_share_interim,new,2481,3508,8703348,505544,data/corpus/a_share_interim/a_share_interim_new_600809_2026-08-30.pdf
rot2,data/perturbed/rot2/a_share_interim_new_600809_2026-08-30_p25.png,a_share_interim_new_600809_2026-08-30,25,a_share_interim,new,2481,3508,8703348,1366266,data/corpus/a_share_interim/a_share_interim_new_600809_2026-08-30.pdf
photocopy,data/perturbed/photocopy/a_share_interim_new_600809_2026-08-30_p25.png,a_share_interim_new_600809_2026-08-30,25,a_share_interim,new,1241,1754,2176714,3998160,data/corpus/a_share_interim/a_share_interim_new_600809_2026-08-30.pdf
dpi150,data/perturbed/dpi150/a_share_interim_old_688515_2025-08-29_p178.png,a_share_interim_old_688515_2025-08-29,178,a_share_interim,old,1241,1754,2176714,268161,data/corpus/a_share_interim/a_share_interim_old_688515_2025-08-29.pdf
dpi100,data/perturbed/dpi100/a_share_interim_old_688515_2025-08-29_p178.png,a_share_interim_old_688515_2025-08-29,178,a_share_interim,old,827,1170,967590,162051,data/corpus/a_share_interim/a_share_interim_old_688515_2025-08-29.pdf
jpeg30,data/perturbed/jpeg30/a_share_interim_old_688515_2025-08-29_p178.jpg,a_share_interim_old_688515_2025-08-29,178,a_share_interim,old,2481,3508,8703348,429582,data/corpus/a_share_interim/a_share_interim_old_688515_2025-08-29.pdf
rot2,data/perturbed/rot2/a_share_interim_old_688515_2025-08-29_p178.png,a_share_interim_old_688515_2025-08-29,178,a_share_interim,old,2481,3508,8703348,1192431,data/corpus/a_share_interim/a_share_interim_old_688515_2025-08-29.pdf
photocopy,data/perturbed/photocopy/a_share_interim_old_688515_2025-08-29_p178.png,a_share_interim_old_688515_2025-08-29,178,a_share_interim,old,1241,1754,2176714,3955913,data/corpus/a_share_interim/a_share_interim_old_688515_2025-08-29.pdf
dpi150,data/perturbed/dpi150/a_share_interim_old_839680_2025-08-30_p9.png,a_share_interim_old_839680_2025-08-30,9,a_share_interim,old,1241,1755,2177955,351251,data/corpus/a_share_interim/a_share_interim_old_839680_2025-08-30.pdf
dpi100,data/perturbed/dpi100/a_share_interim_old_839680_2025-08-30_p9.png,a_share_interim_old_839680_2025-08-30,9,a_share_interim,old,827,1170,967590,208371,data/corpus/a_share_interim/a_share_interim_old_839680_2025-08-30.pdf
jpeg30,data/perturbed/jpeg30/a_share_interim_old_839680_2025-08-30_p9.jpg,a_share_interim_old_839680_2025-08-30,9,a_share_interim,old,2481,3509,8705829,461660,data/corpus/a_share_interim/a_share_interim_old_839680_2025-08-30.pdf
rot2,data/perturbed/rot2/a_share_interim_old_839680_2025-08-30_p9.png,a_share_interim_old_839680_2025-08-30,9,a_share_interim,old,2481,3509,8705829,1620406,data/corpus/a_share_interim/a_share_interim_old_839680_2025-08-30.pdf
photocopy,data/perturbed/photocopy/a_share_interim_old_839680_2025-08-30_p9.png,a_share_interim_old_839680_2025-08-30,9,a_share_interim,old,1241,1755,2177955,4045736,data/corpus/a_share_interim/a_share_interim_old_839680_2025-08-30.pdf
dpi150,data/perturbed/dpi150/a_share_interim_old_839680_2025-08-30_p10.png,a_share_interim_old_839680_2025-08-30,10,a_share_interim,old,1241,1755,2177955,276355,data/corpus/a_share_interim/a_share_interim_old_839680_2025-08-30.pdf
dpi100,data/perturbed/dpi100/a_share_interim_old_839680_2025-08-30_p10.png,a_share_interim_old_839680_2025-08-30,10,a_share_interim,old,827,1170,967590,167292,data/corpus/a_share_interim/a_share_interim_old_839680_2025-08-30.pdf
jpeg30,data/perturbed/jpeg30/a_share_interim_old_839680_2025-08-30_p10.jpg,a_share_interim_old_839680_2025-08-30,10,a_share_interim,old,2481,3509,8705829,389433,data/corpus/a_share_interim/a_share_interim_old_839680_2025-08-30.pdf
rot2,data/perturbed/rot2/a_share_interim_old_839680_2025-08-30_p10.png,a_share_interim_old_839680_2025-08-30,10,a_share_interim,old,2481,3509,8705829,1322150,data/corpus/a_share_interim/a_share_interim_old_839680_2025-08-30.pdf
photocopy,data/perturbed/photocopy/a_share_interim_old_839680_2025-08-30_p10.png,a_share_interim_old_839680_2025-08-30,10,a_share_interim,old,1241,1755,2177955,3954832,data/corpus/a_share_interim/a_share_interim_old_839680_2025-08-30.pdf
dpi150,data/perturbed/dpi150/a_share_notice_new_603390_2026-09-18_p4.png,a_share_notice_new_603390_2026-09-18,4,a_share_notice,new,1241,1754,2176714,322880,data/corpus/a_share_notice/a_share_notice_new_603390_2026-09-18.pdf
dpi100,data/perturbed/dpi100/a_share_notice_new_603390_2026-09-18_p4.png,a_share_notice_new_603390_2026-09-18,4,a_share_notice,new,827,1170,967590,205256,data/corpus/a_share_notice/a_share_notice_new_603390_2026-09-18.pdf
jpeg30,data/perturbed/jpeg30/a_share_notice_new_603390_2026-09-18_p4.jpg,a_share_notice_new_603390_2026-09-18,4,a_share_notice,new,2481,3508,8703348,366759,data/corpus/a_share_notice/a_share_notice_new_603390_2026-09-18.pdf
rot2,data/perturbed/rot2/a_share_notice_new_603390_2026-09-18_p4.png,a_share_notice_new_603390_2026-09-18,4,a_share_notice,new,2481,3508,8703348,1220554,data/corpus/a_share_notice/a_share_notice_new_603390_2026-09-18.pdf
photocopy,data/perturbed/photocopy/a_share_notice_new_603390_2026-09-18_p4.png,a_share_notice_new_603390_2026-09-18,4,a_share_notice,new,1241,1754,2176714,3960803,data/corpus/a_share_notice/a_share_notice_new_603390_2026-09-18.pdf
dpi150,data/perturbed/dpi150/a_share_notice_new_688692_2026-09-18_p1.png,a_share_notice_new_688692_2026-09-18,1,a_share_notice,new,1241,1754,2176714,216818,data/corpus/a_share_notice/a_share_notice_new_688692_2026-09-18.pdf
dpi100,data/perturbed/dpi100/a_share_notice_new_688692_2026-09-18_p1.png,a_share_notice_new_688692_2026-09-18,1,a_share_notice,new,827,1170,967590,135180,data/corpus/a_share_notice/a_share_notice_new_688692_2026-09-18.pdf
jpeg30,data/perturbed/jpeg30/a_share_notice_new_688692_2026-09-18_p1.jpg,a_share_notice_new_688692_2026-09-18,1,a_share_notice,new,2481,3508,8703348,304921,data/corpus/a_share_notice/a_share_notice_new_688692_2026-09-18.pdf
rot2,data/perturbed/rot2/a_share_notice_new_688692_2026-09-18_p1.png,a_share_notice_new_688692_2026-09-18,1,a_share_notice,new,2481,3508,8703348,822674,data/corpus/a_share_notice/a_share_notice_new_688692_2026-09-18.pdf
photocopy,data/perturbed/photocopy/a_share_notice_new_688692_2026-09-18_p1.png,a_share_notice_new_688692_2026-09-18,1,a_share_notice,new,1241,1754,2176714,3867053,data/corpus/a_share_notice/a_share_notice_new_688692_2026-09-18.pdf
dpi150,data/perturbed/dpi150/a_share_notice_old_000680_2025-09-19_p3.png,a_share_notice_old_000680_2025-09-19,3,a_share_notice,old,1241,1754,2176714,302448,data/corpus/a_share_notice/a_share_notice_old_000680_2025-09-19.pdf
dpi100,data/perturbed/dpi100/a_share_notice_old_000680_2025-09-19_p3.png,a_share_notice_old_000680_2025-09-19,3,a_share_notice,old,827,1170,967590,194900,data/corpus/a_share_notice/a_share_notice_old_000680_2025-09-19.pdf
jpeg30,data/perturbed/jpeg30/a_share_notice_old_000680_2025-09-19_p3.jpg,a_share_notice_old_000680_2025-09-19,3,a_share_notice,old,2481,3508,8703348,365026,data/corpus/a_share_notice/a_share_notice_old_000680_2025-09-19.pdf
rot2,data/perturbed/rot2/a_share_notice_old_000680_2025-09-19_p3.png,a_share_notice_old_000680_2025-09-19,3,a_share_notice,old,2481,3508,8703348,1161930,data/corpus/a_share_notice/a_share_notice_old_000680_2025-09-19.pdf
photocopy,data/perturbed/photocopy/a_share_notice_old_000680_2025-09-19_p3.png,a_share_notice_old_000680_2025-09-19,3,a_share_notice,old,1241,1754,2176714,3948647,data/corpus/a_share_notice/a_share_notice_old_000680_2025-09-19.pdf
dpi150,data/perturbed/dpi150/a_share_notice_old_001323_2025-09-19_p1.png,a_share_notice_old_001323_2025-09-19,1,a_share_notice,old,1241,1754,2176714,389509,data/corpus/a_share_notice/a_share_notice_old_001323_2025-09-19.pdf
dpi100,data/perturbed/dpi100/a_share_notice_old_001323_2025-09-19_p1.png,a_share_notice_old_001323_2025-09-19,1,a_share_notice,old,827,1170,967590,247534,data/corpus/a_share_notice/a_share_notice_old_001323_2025-09-19.pdf
jpeg30,data/perturbed/jpeg30/a_share_notice_old_001323_2025-09-19_p1.jpg,a_share_notice_old_001323_2025-09-19,1,a_share_notice,old,2481,3508,8703348,425535,data/corpus/a_share_notice/a_share_notice_old_001323_2025-09-19.pdf
rot2,data/perturbed/rot2/a_share_notice_old_001323_2025-09-19_p1.png,a_share_notice_old_001323_2025-09-19,1,a_share_notice,old,2481,3508,8703348,1493155,data/corpus/a_share_notice/a_share_notice_old_001323_2025-09-19.pdf
photocopy,data/perturbed/photocopy/a_share_notice_old_001323_2025-09-19_p1.png,a_share_notice_old_001323_2025-09-19,1,a_share_notice,old,1241,1754,2176714,4024784,data/corpus/a_share_notice/a_share_notice_old_001323_2025-09-19.pdf
dpi150,data/perturbed/dpi150/a_share_notice_old_001323_2025-09-19_p4.png,a_share_notice_old_001323_2025-09-19,4,a_share_notice,old,1241,1754,2176714,297956,data/corpus/a_share_notice/a_share_notice_old_001323_2025-09-19.pdf
dpi100,data/perturbed/dpi100/a_share_notice_old_001323_2025-09-19_p4.png,a_share_notice_old_001323_2025-09-19,4,a_share_notice,old,827,1170,967590,190093,data/corpus/a_share_notice/a_share_notice_old_001323_2025-09-19.pdf
jpeg30,data/perturbed/jpeg30/a_share_notice_old_001323_2025-09-19_p4.jpg,a_share_notice_old_001323_2025-09-19,4,a_share_notice,old,2481,3508,8703348,350760,data/corpus/a_share_notice/a_share_notice_old_001323_2025-09-19.pdf
rot2,data/perturbed/rot2/a_share_notice_old_001323_2025-09-19_p4.png,a_share_notice_old_001323_2025-09-19,4,a_share_notice,old,2481,3508,8703348,1156408,data/corpus/a_share_notice/a_share_notice_old_001323_2025-09-19.pdf
photocopy,data/perturbed/photocopy/a_share_notice_old_001323_2025-09-19_p4.png,a_share_notice_old_001323_2025-09-19,4,a_share_notice,old,1241,1754,2176714,3944805,data/corpus/a_share_notice/a_share_notice_old_001323_2025-09-19.pdf
dpi150,data/perturbed/dpi150/a_share_notice_old_301076_2025-09-19_p3.png,a_share_notice_old_301076_2025-09-19,3,a_share_notice,old,1241,1755,2177955,284066,data/corpus/a_share_notice/a_share_notice_old_301076_2025-09-19.pdf
dpi100,data/perturbed/dpi100/a_share_notice_old_301076_2025-09-19_p3.png,a_share_notice_old_301076_2025-09-19,3,a_share_notice,old,828,1170,968760,181914,data/corpus/a_share_notice/a_share_notice_old_301076_2025-09-19.pdf
jpeg30,data/perturbed/jpeg30/a_share_notice_old_301076_2025-09-19_p3.jpg,a_share_notice_old_301076_2025-09-19,3,a_share_notice,old,2482,3509,8709338,338823,data/corpus/a_share_notice/a_share_notice_old_301076_2025-09-19.pdf
rot2,data/perturbed/rot2/a_share_notice_old_301076_2025-09-19_p3.png,a_share_notice_old_301076_2025-09-19,3,a_share_notice,old,2482,3509,8709338,1090232,data/corpus/a_share_notice/a_share_notice_old_301076_2025-09-19.pdf
photocopy,data/perturbed/photocopy/a_share_notice_old_301076_2025-09-19_p3.png,a_share_notice_old_301076_2025-09-19,3,a_share_notice,old,1241,1755,2177955,3927091,data/corpus/a_share_notice/a_share_notice_old_301076_2025-09-19.pdf
dpi150,data/perturbed/dpi150/hk_annual_new_00159_2026-09-16_p107.png,hk_annual_new_00159_2026-09-16,107,hk_annual,new,1241,1754,2176714,280896,data/corpus/hk_annual/hk_annual_new_00159_2026-09-16.pdf
dpi100,data/perturbed/dpi100/hk_annual_new_00159_2026-09-16_p107.png,hk_annual_new_00159_2026-09-16,107,hk_annual,new,827,1170,967590,166921,data/corpus/hk_annual/hk_annual_new_00159_2026-09-16.pdf
jpeg30,data/perturbed/jpeg30/hk_annual_new_00159_2026-09-16_p107.jpg,hk_annual_new_00159_2026-09-16,107,hk_annual,new,2481,3508,8703348,317967,data/corpus/hk_annual/hk_annual_new_00159_2026-09-16.pdf
rot2,data/perturbed/rot2/hk_annual_new_00159_2026-09-16_p107.png,hk_annual_new_00159_2026-09-16,107,hk_annual,new,2481,3508,8703348,1718710,data/corpus/hk_annual/hk_annual_new_00159_2026-09-16.pdf
photocopy,data/perturbed/photocopy/hk_annual_new_00159_2026-09-16_p107.png,hk_annual_new_00159_2026-09-16,107,hk_annual,new,1241,1754,2176714,4122130,data/corpus/hk_annual/hk_annual_new_00159_2026-09-16.pdf
dpi150,data/perturbed/dpi150/hk_annual_new_01797_2026-09-15_p232.png,hk_annual_new_01797_2026-09-15,232,hk_annual,new,1241,1684,2089844,176802,data/corpus/hk_annual/hk_annual_new_01797_2026-09-15.pdf
dpi100,data/perturbed/dpi100/hk_annual_new_01797_2026-09-15_p232.png,hk_annual_new_01797_2026-09-15,232,hk_annual,new,827,1123,928721,100502,data/corpus/hk_annual/hk_annual_new_01797_2026-09-15.pdf
jpeg30,data/perturbed/jpeg30/hk_annual_new_01797_2026-09-15_p232.jpg,hk_annual_new_01797_2026-09-15,232,hk_annual,new,2481,3367,8353527,229011,data/corpus/hk_annual/hk_annual_new_01797_2026-09-15.pdf
rot2,data/perturbed/rot2/hk_annual_new_01797_2026-09-15_p232.png,hk_annual_new_01797_2026-09-15,232,hk_annual,new,2481,3367,8353527,963822,data/corpus/hk_annual/hk_annual_new_01797_2026-09-15.pdf
photocopy,data/perturbed/photocopy/hk_annual_new_01797_2026-09-15_p232.png,hk_annual_new_01797_2026-09-15,232,hk_annual,new,1241,1684,2089844,3739513,data/corpus/hk_annual/hk_annual_new_01797_2026-09-15.pdf
dpi150,data/perturbed/dpi150/hk_annual_new_01797_2026-09-15_p241.png,hk_annual_new_01797_2026-09-15,241,hk_annual,new,1241,1684,2089844,191394,data/corpus/hk_annual/hk_annual_new_01797_2026-09-15.pdf
dpi100,data/perturbed/dpi100/hk_annual_new_01797_2026-09-15_p241.png,hk_annual_new_01797_2026-09-15,241,hk_annual,new,827,1123,928721,111925,data/corpus/hk_annual/hk_annual_new_01797_2026-09-15.pdf
jpeg30,data/perturbed/jpeg30/hk_annual_new_01797_2026-09-15_p241.jpg,hk_annual_new_01797_2026-09-15,241,hk_annual,new,2481,3367,8353527,249017,data/corpus/hk_annual/hk_annual_new_01797_2026-09-15.pdf
rot2,data/perturbed/rot2/hk_annual_new_01797_2026-09-15_p241.png,hk_annual_new_01797_2026-09-15,241,hk_annual,new,2481,3367,8353527,1032783,data/corpus/hk_annual/hk_annual_new_01797_2026-09-15.pdf
photocopy,data/perturbed/photocopy/hk_annual_new_01797_2026-09-15_p241.png,hk_annual_new_01797_2026-09-15,241,hk_annual,new,1241,1684,2089844,3787792,data/corpus/hk_annual/hk_annual_new_01797_2026-09-15.pdf
dpi150,data/perturbed/dpi150/hk_annual_new_03306_2026-09-09_p112.png,hk_annual_new_03306_2026-09-09,112,hk_annual,new,1241,1536,1906176,334503,data/corpus/hk_annual/hk_annual_new_03306_2026-09-09.pdf
dpi100,data/perturbed/dpi100/hk_annual_new_03306_2026-09-09_p112.png,hk_annual_new_03306_2026-09-09,112,hk_annual,new,827,1024,846848,196149,data/corpus/hk_annual/hk_annual_new_03306_2026-09-09.pdf
jpeg30,data/perturbed/jpeg30/hk_annual_new_03306_2026-09-09_p112.jpg,hk_annual_new_03306_2026-09-09,112,hk_annual,new,2481,3071,7619151,353560,data/corpus/hk_annual/hk_annual_new_03306_2026-09-09.pdf
rot2,data/perturbed/rot2/hk_annual_new_03306_2026-09-09_p112.png,hk_annual_new_03306_2026-09-09,112,hk_annual,new,2481,3071,7619151,1709737,data/corpus/hk_annual/hk_annual_new_03306_2026-09-09.pdf
photocopy,data/perturbed/photocopy/hk_annual_new_03306_2026-09-09_p112.png,hk_annual_new_03306_2026-09-09,112,hk_annual,new,1241,1536,1906176,3585265,data/corpus/hk_annual/hk_annual_new_03306_2026-09-09.pdf
dpi150,data/perturbed/dpi150/hk_annual_new_08067_2026-09-18_p128.png,hk_annual_new_08067_2026-09-18,128,hk_annual,new,1241,1684,2089844,227393,data/corpus/hk_annual/hk_annual_new_08067_2026-09-18.pdf
dpi100,data/perturbed/dpi100/hk_annual_new_08067_2026-09-18_p128.png,hk_annual_new_08067_2026-09-18,128,hk_annual,new,827,1123,928721,127853,data/corpus/hk_annual/hk_annual_new_08067_2026-09-18.pdf
jpeg30,data/perturbed/jpeg30/hk_annual_new_08067_2026-09-18_p128.jpg,hk_annual_new_08067_2026-09-18,128,hk_annual,new,2481,3367,8353527,250429,data/corpus/hk_annual/hk_annual_new_08067_2026-09-18.pdf
rot2,data/perturbed/rot2/hk_annual_new_08067_2026-09-18_p128.png,hk_annual_new_08067_2026-09-18,128,hk_annual,new,2481,3367,8353527,1191295,data/corpus/hk_annual/hk_annual_new_08067_2026-09-18.pdf
photocopy,data/perturbed/photocopy/hk_annual_new_08067_2026-09-18_p128.png,hk_annual_new_08067_2026-09-18,128,hk_annual,new,1241,1684,2089844,4031843,data/corpus/hk_annual/hk_annual_new_08067_2026-09-18.pdf
dpi150,data/perturbed/dpi150/hk_annual_old_01797_2025-09-17_p241.png,hk_annual_old_01797_2025-09-17,241,hk_annual,old,1241,1684,2089844,252226,data/corpus/hk_annual/hk_annual_old_01797_2025-09-17.pdf
dpi100,data/perturbed/dpi100/hk_annual_old_01797_2025-09-17_p241.png,hk_annual_old_01797_2025-09-17,241,hk_annual,old,827,1123,928721,136088,data/corpus/hk_annual/hk_annual_old_01797_2025-09-17.pdf
jpeg30,data/perturbed/jpeg30/hk_annual_old_01797_2025-09-17_p241.jpg,hk_annual_old_01797_2025-09-17,241,hk_annual,old,2481,3367,8353527,245368,data/corpus/hk_annual/hk_annual_old_01797_2025-09-17.pdf
rot2,data/perturbed/rot2/hk_annual_old_01797_2025-09-17_p241.png,hk_annual_old_01797_2025-09-17,241,hk_annual,old,2481,3367,8353527,1284372,data/corpus/hk_annual/hk_annual_old_01797_2025-09-17.pdf
photocopy,data/perturbed/photocopy/hk_annual_old_01797_2025-09-17_p241.png,hk_annual_old_01797_2025-09-17,241,hk_annual,old,1241,1684,2089844,3778546,data/corpus/hk_annual/hk_annual_old_01797_2025-09-17.pdf
dpi150,data/perturbed/dpi150/hk_interim_new_02105_2026-09-18_p2.png,hk_interim_new_02105_2026-09-18,2,hk_interim,new,1241,1684,2089844,103352,data/corpus/hk_interim/hk_interim_new_02105_2026-09-18.pdf
dpi100,data/perturbed/dpi100/hk_interim_new_02105_2026-09-18_p2.png,hk_interim_new_02105_2026-09-18,2,hk_interim,new,827,1123,928721,61489,data/corpus/hk_interim/hk_interim_new_02105_2026-09-18.pdf
jpeg30,data/perturbed/jpeg30/hk_interim_new_02105_2026-09-18_p2.jpg,hk_interim_new_02105_2026-09-18,2,hk_interim,new,2481,3367,8353527,198430,data/corpus/hk_interim/hk_interim_new_02105_2026-09-18.pdf
rot2,data/perturbed/rot2/hk_interim_new_02105_2026-09-18_p2.png,hk_interim_new_02105_2026-09-18,2,hk_interim,new,2481,3367,8353527,489549,data/corpus/hk_interim/hk_interim_new_02105_2026-09-18.pdf
photocopy,data/perturbed/photocopy/hk_interim_new_02105_2026-09-18_p2.png,hk_interim_new_02105_2026-09-18,2,hk_interim,new,1241,1684,2089844,3616936,data/corpus/hk_interim/hk_interim_new_02105_2026-09-18.pdf
dpi150,data/perturbed/dpi150/hk_interim_new_02105_2026-09-18_p52.png,hk_interim_new_02105_2026-09-18,52,hk_interim,new,1241,1684,2089844,226920,data/corpus/hk_interim/hk_interim_new_02105_2026-09-18.pdf
dpi100,data/perturbed/dpi100/hk_interim_new_02105_2026-09-18_p52.png,hk_interim_new_02105_2026-09-18,52,hk_interim,new,827,1123,928721,137161,data/corpus/hk_interim/hk_interim_new_02105_2026-09-18.pdf
jpeg30,data/perturbed/jpeg30/hk_interim_new_02105_2026-09-18_p52.jpg,hk_interim_new_02105_2026-09-18,52,hk_interim,new,2481,3367,8353527,325501,data/corpus/hk_interim/hk_interim_new_02105_2026-09-18.pdf
rot2,data/perturbed/rot2/hk_interim_new_02105_2026-09-18_p52.png,hk_interim_new_02105_2026-09-18,52,hk_interim,new,2481,3367,8353527,1244126,data/corpus/hk_interim/hk_interim_new_02105_2026-09-18.pdf
photocopy,data/perturbed/photocopy/hk_interim_new_02105_2026-09-18_p52.png,hk_interim_new_02105_2026-09-18,52,hk_interim,new,1241,1684,2089844,3793796,data/corpus/hk_interim/hk_interim_new_02105_2026-09-18.pdf
dpi150,data/perturbed/dpi150/hk_interim_new_02508_2026-09-20_p47.png,hk_interim_new_02508_2026-09-20,47,hk_interim,new,1241,1684,2089844,321557,data/corpus/hk_interim/hk_interim_new_02508_2026-09-20.pdf
dpi100,data/perturbed/dpi100/hk_interim_new_02508_2026-09-20_p47.png,hk_interim_new_02508_2026-09-20,47,hk_interim,new,827,1123,928721,192536,data/corpus/hk_interim/hk_interim_new_02508_2026-09-20.pdf
jpeg30,data/perturbed/jpeg30/hk_interim_new_02508_2026-09-20_p47.jpg,hk_interim_new_02508_2026-09-20,47,hk_interim,new,2481,3367,8353527,342741,data/corpus/hk_interim/hk_interim_new_02508_2026-09-20.pdf
rot2,data/perturbed/rot2/hk_interim_new_02508_2026-09-20_p47.png,hk_interim_new_02508_2026-09-20,47,hk_interim,new,2481,3367,8353527,1551016,data/corpus/hk_interim/hk_interim_new_02508_2026-09-20.pdf
photocopy,data/perturbed/photocopy/hk_interim_new_02508_2026-09-20_p47.png,hk_interim_new_02508_2026-09-20,47,hk_interim,new,1241,1684,2089844,3946130,data/corpus/hk_interim/hk_interim_new_02508_2026-09-20.pdf
dpi150,data/perturbed/dpi150/hk_interim_new_02508_2026-09-20_p48.png,hk_interim_new_02508_2026-09-20,48,hk_interim,new,1241,1684,2089844,228610,data/corpus/hk_interim/hk_interim_new_02508_2026-09-20.pdf
dpi100,data/perturbed/dpi100/hk_interim_new_02508_2026-09-20_p48.png,hk_interim_new_02508_2026-09-20,48,hk_interim,new,827,1123,928721,138092,data/corpus/hk_interim/hk_interim_new_02508_2026-09-20.pdf
jpeg30,data/perturbed/jpeg30/hk_interim_new_02508_2026-09-20_p48.jpg,hk_interim_new_02508_2026-09-20,48,hk_interim,new,2481,3367,8353527,296756,data/corpus/hk_interim/hk_interim_new_02508_2026-09-20.pdf
rot2,data/perturbed/rot2/hk_interim_new_02508_2026-09-20_p48.png,hk_interim_new_02508_2026-09-20,48,hk_interim,new,2481,3367,8353527,1140524,data/corpus/hk_interim/hk_interim_new_02508_2026-09-20.pdf
photocopy,data/perturbed/photocopy/hk_interim_new_02508_2026-09-20_p48.png,hk_interim_new_02508_2026-09-20,48,hk_interim,new,1241,1684,2089844,3870475,data/corpus/hk_interim/hk_interim_new_02508_2026-09-20.pdf
dpi150,data/perturbed/dpi150/hk_interim_new_06675_2026-09-18_p2.png,hk_interim_new_06675_2026-09-18,2,hk_interim,new,1241,1684,2089844,302220,data/corpus/hk_interim/hk_interim_new_06675_2026-09-18.pdf
dpi100,data/perturbed/dpi100/hk_interim_new_06675_2026-09-18_p2.png,hk_interim_new_06675_2026-09-18,2,hk_interim,new,827,1123,928721,305735,data/corpus/hk_interim/hk_interim_new_06675_2026-09-18.pdf
jpeg30,data/perturbed/jpeg30/hk_interim_new_06675_2026-09-18_p2.jpg,hk_interim_new_06675_2026-09-18,2,hk_interim,new,2481,3367,8353527,213403,data/corpus/hk_interim/hk_interim_new_06675_2026-09-18.pdf
rot2,data/perturbed/rot2/hk_interim_new_06675_2026-09-18_p2.png,hk_interim_new_06675_2026-09-18,2,hk_interim,new,2481,3367,8353527,1859202,data/corpus/hk_interim/hk_interim_new_06675_2026-09-18.pdf
photocopy,data/perturbed/photocopy/hk_interim_new_06675_2026-09-18_p2.png,hk_interim_new_06675_2026-09-18,2,hk_interim,new,1241,1684,2089844,3785227,data/corpus/hk_interim/hk_interim_new_06675_2026-09-18.pdf
dpi150,data/perturbed/dpi150/hk_interim_old_01003_2025-09-19_p21.png,hk_interim_old_01003_2025-09-19,21,hk_interim,old,1241,1684,2089844,362862,data/corpus/hk_interim/hk_interim_old_01003_2025-09-19.pdf
dpi100,data/perturbed/dpi100/hk_interim_old_01003_2025-09-19_p21.png,hk_interim_old_01003_2025-09-19,21,hk_interim,old,827,1123,928721,210209,data/corpus/hk_interim/hk_interim_old_01003_2025-09-19.pdf
jpeg30,data/perturbed/jpeg30/hk_interim_old_01003_2025-09-19_p21.jpg,hk_interim_old_01003_2025-09-19,21,hk_interim,old,2481,3367,8353527,310901,data/corpus/hk_interim/hk_interim_old_01003_2025-09-19.pdf
rot2,data/perturbed/rot2/hk_interim_old_01003_2025-09-19_p21.png,hk_interim_old_01003_2025-09-19,21,hk_interim,old,2481,3367,8353527,1710925,data/corpus/hk_interim/hk_interim_old_01003_2025-09-19.pdf
photocopy,data/perturbed/photocopy/hk_interim_old_01003_2025-09-19_p21.png,hk_interim_old_01003_2025-09-19,21,hk_interim,old,1241,1684,2089844,3802090,data/corpus/hk_interim/hk_interim_old_01003_2025-09-19.pdf
dpi150,data/perturbed/dpi150/hk_kyc_new_06199_2026-09-20_p1.png,hk_kyc_new_06199_2026-09-20,1,hk_kyc,new,1241,1754,2176714,251917,data/corpus/hk_kyc/hk_kyc_new_06199_2026-09-20.pdf
dpi100,data/perturbed/dpi100/hk_kyc_new_06199_2026-09-20_p1.png,hk_kyc_new_06199_2026-09-20,1,hk_kyc,new,827,1170,967590,165232,data/corpus/hk_kyc/hk_kyc_new_06199_2026-09-20.pdf
jpeg30,data/perturbed/jpeg30/hk_kyc_new_06199_2026-09-20_p1.jpg,hk_kyc_new_06199_2026-09-20,1,hk_kyc,new,2481,3508,8703348,330046,data/corpus/hk_kyc/hk_kyc_new_06199_2026-09-20.pdf
rot2,data/perturbed/rot2/hk_kyc_new_06199_2026-09-20_p1.png,hk_kyc_new_06199_2026-09-20,1,hk_kyc,new,2481,3508,8703348,1270352,data/corpus/hk_kyc/hk_kyc_new_06199_2026-09-20.pdf
photocopy,data/perturbed/photocopy/hk_kyc_new_06199_2026-09-20_p1.png,hk_kyc_new_06199_2026-09-20,1,hk_kyc,new,1241,1754,2176714,3941645,data/corpus/hk_kyc/hk_kyc_new_06199_2026-09-20.pdf
dpi150,data/perturbed/dpi150/hk_kyc_new_09699_2026-09-18_p2.png,hk_kyc_new_09699_2026-09-18,2,hk_kyc,new,1241,1654,2052614,94737,data/corpus/hk_kyc/hk_kyc_new_09699_2026-09-18.pdf
dpi100,data/perturbed/dpi100/hk_kyc_new_09699_2026-09-18_p2.png,hk_kyc_new_09699_2026-09-18,2,hk_kyc,new,827,1103,912181,62757,data/corpus/hk_kyc/hk_kyc_new_09699_2026-09-18.pdf
jpeg30,data/perturbed/jpeg30/hk_kyc_new_09699_2026-09-18_p2.jpg,hk_kyc_new_09699_2026-09-18,2,hk_kyc,new,2481,3308,8207148,241616,data/corpus/hk_kyc/hk_kyc_new_09699_2026-09-18.pdf
rot2,data/perturbed/rot2/hk_kyc_new_09699_2026-09-18_p2.png,hk_kyc_new_09699_2026-09-18,2,hk_kyc,new,2481,3308,8207148,609434,data/corpus/hk_kyc/hk_kyc_new_09699_2026-09-18.pdf
photocopy,data/perturbed/photocopy/hk_kyc_new_09699_2026-09-18_p2.png,hk_kyc_new_09699_2026-09-18,2,hk_kyc,new,1241,1654,2052614,3562022,data/corpus/hk_kyc/hk_kyc_new_09699_2026-09-18.pdf
dpi150,data/perturbed/dpi150/hk_kyc_new_09982_2026-09-18_p2.png,hk_kyc_new_09982_2026-09-18,2,hk_kyc,new,1241,1654,2052614,92342,data/corpus/hk_kyc/hk_kyc_new_09982_2026-09-18.pdf
dpi100,data/perturbed/dpi100/hk_kyc_new_09982_2026-09-18_p2.png,hk_kyc_new_09982_2026-09-18,2,hk_kyc,new,827,1103,912181,64540,data/corpus/hk_kyc/hk_kyc_new_09982_2026-09-18.pdf
jpeg30,data/perturbed/jpeg30/hk_kyc_new_09982_2026-09-18_p2.jpg,hk_kyc_new_09982_2026-09-18,2,hk_kyc,new,2481,3308,8207148,246790,data/corpus/hk_kyc/hk_kyc_new_09982_2026-09-18.pdf
rot2,data/perturbed/rot2/hk_kyc_new_09982_2026-09-18_p2.png,hk_kyc_new_09982_2026-09-18,2,hk_kyc,new,2481,3308,8207148,558049,data/corpus/hk_kyc/hk_kyc_new_09982_2026-09-18.pdf
photocopy,data/perturbed/photocopy/hk_kyc_new_09982_2026-09-18_p2.png,hk_kyc_new_09982_2026-09-18,2,hk_kyc,new,1241,1654,2052614,3560484,data/corpus/hk_kyc/hk_kyc_new_09982_2026-09-18.pdf
dpi150,data/perturbed/dpi150/hk_kyc_old_00347_2025-09-19_p1.png,hk_kyc_old_00347_2025-09-19,1,hk_kyc,old,1241,1754,2176714,233433,data/corpus/hk_kyc/hk_kyc_old_00347_2025-09-19.pdf
dpi100,data/perturbed/dpi100/hk_kyc_old_00347_2025-09-19_p1.png,hk_kyc_old_00347_2025-09-19,1,hk_kyc,old,827,1170,967590,152296,data/corpus/hk_kyc/hk_kyc_old_00347_2025-09-19.pdf
jpeg30,data/perturbed/jpeg30/hk_kyc_old_00347_2025-09-19_p1.jpg,hk_kyc_old_00347_2025-09-19,1,hk_kyc,old,2481,3508,8703348,352107,data/corpus/hk_kyc/hk_kyc_old_00347_2025-09-19.pdf
rot2,data/perturbed/rot2/hk_kyc_old_00347_2025-09-19_p1.png,hk_kyc_old_00347_2025-09-19,1,hk_kyc,old,2481,3508,8703348,1340720,data/corpus/hk_kyc/hk_kyc_old_00347_2025-09-19.pdf
photocopy,data/perturbed/photocopy/hk_kyc_old_00347_2025-09-19_p1.png,hk_kyc_old_00347_2025-09-19,1,hk_kyc,old,1241,1754,2176714,3938117,data/corpus/hk_kyc/hk_kyc_old_00347_2025-09-19.pdf
dpi150,data/perturbed/dpi150/hk_kyc_old_00472_2025-09-19_p1.png,hk_kyc_old_00472_2025-09-19,1,hk_kyc,old,1241,1754,2176714,224864,data/corpus/hk_kyc/hk_kyc_old_00472_2025-09-19.pdf
dpi100,data/perturbed/dpi100/hk_kyc_old_00472_2025-09-19_p1.png,hk_kyc_old_00472_2025-09-19,1,hk_kyc,old,827,1170,967590,146810,data/corpus/hk_kyc/hk_kyc_old_00472_2025-09-19.pdf
jpeg30,data/perturbed/jpeg30/hk_kyc_old_00472_2025-09-19_p1.jpg,hk_kyc_old_00472_2025-09-19,1,hk_kyc,old,2481,3508,8703348,339604,data/corpus/hk_kyc/hk_kyc_old_00472_2025-09-19.pdf
rot2,data/perturbed/rot2/hk_kyc_old_00472_2025-09-19_p1.png,hk_kyc_old_00472_2025-09-19,1,hk_kyc,old,2481,3508,8703348,1225407,data/corpus/hk_kyc/hk_kyc_old_00472_2025-09-19.pdf
photocopy,data/perturbed/photocopy/hk_kyc_old_00472_2025-09-19_p1.png,hk_kyc_old_00472_2025-09-19,1,hk_kyc,old,1241,1754,2176714,3914345,data/corpus/hk_kyc/hk_kyc_old_00472_2025-09-19.pdf
dpi150,data/perturbed/dpi150/hk_kyc_old_01661_2025-09-19_p2.png,hk_kyc_old_01661_2025-09-19,2,hk_kyc,old,1241,1754,2176714,78291,data/corpus/hk_kyc/hk_kyc_old_01661_2025-09-19.pdf
dpi100,data/perturbed/dpi100/hk_kyc_old_01661_2025-09-19_p2.png,hk_kyc_old_01661_2025-09-19,2,hk_kyc,old,827,1170,967590,52762,data/corpus/hk_kyc/hk_kyc_old_01661_2025-09-19.pdf
jpeg30,data/perturbed/jpeg30/hk_kyc_old_01661_2025-09-19_p2.jpg,hk_kyc_old_01661_2025-09-19,2,hk_kyc,old,2481,3508,8703348,192539,data/corpus/hk_kyc/hk_kyc_old_01661_2025-09-19.pdf
rot2,data/perturbed/rot2/hk_kyc_old_01661_2025-09-19_p2.png,hk_kyc_old_01661_2025-09-19,2,hk_kyc,old,2481,3508,8703348,404268,data/corpus/hk_kyc/hk_kyc_old_01661_2025-09-19.pdf
photocopy,data/perturbed/photocopy/hk_kyc_old_01661_2025-09-19_p2.png,hk_kyc_old_01661_2025-09-19,2,hk_kyc,old,1241,1754,2176714,3737900,data/corpus/hk_kyc/hk_kyc_old_01661_2025-09-19.pdf
dpi150,data/perturbed/dpi150/hk_prospectus_new_03516_2026-09-18_p5.png,hk_prospectus_new_03516_2026-09-18,5,hk_prospectus,new,1241,1754,2176714,145165,data/corpus/hk_prospectus/hk_prospectus_new_03516_2026-09-18.pdf
dpi100,data/perturbed/dpi100/hk_prospectus_new_03516_2026-09-18_p5.png,hk_prospectus_new_03516_2026-09-18,5,hk_prospectus,new,827,1170,967590,104365,data/corpus/hk_prospectus/hk_prospectus_new_03516_2026-09-18.pdf
jpeg30,data/perturbed/jpeg30/hk_prospectus_new_03516_2026-09-18_p5.jpg,hk_prospectus_new_03516_2026-09-18,5,hk_prospectus,new,2481,3508,8703348,302444,data/corpus/hk_prospectus/hk_prospectus_new_03516_2026-09-18.pdf
rot2,data/perturbed/rot2/hk_prospectus_new_03516_2026-09-18_p5.png,hk_prospectus_new_03516_2026-09-18,5,hk_prospectus,new,2481,3508,8703348,748807,data/corpus/hk_prospectus/hk_prospectus_new_03516_2026-09-18.pdf
photocopy,data/perturbed/photocopy/hk_prospectus_new_03516_2026-09-18_p5.png,hk_prospectus_new_03516_2026-09-18,5,hk_prospectus,new,1241,1754,2176714,3859920,data/corpus/hk_prospectus/hk_prospectus_new_03516_2026-09-18.pdf
dpi150,data/perturbed/dpi150/hk_prospectus_new_03516_2026-09-18_p131.png,hk_prospectus_new_03516_2026-09-18,131,hk_prospectus,new,1241,1754,2176714,59036,data/corpus/hk_prospectus/hk_prospectus_new_03516_2026-09-18.pdf
dpi100,data/perturbed/dpi100/hk_prospectus_new_03516_2026-09-18_p131.png,hk_prospectus_new_03516_2026-09-18,131,hk_prospectus,new,827,1170,967590,37842,data/corpus/hk_prospectus/hk_prospectus_new_03516_2026-09-18.pdf
jpeg30,data/perturbed/jpeg30/hk_prospectus_new_03516_2026-09-18_p131.jpg,hk_prospectus_new_03516_2026-09-18,131,hk_prospectus,new,2481,3508,8703348,189857,data/corpus/hk_prospectus/hk_prospectus_new_03516_2026-09-18.pdf
rot2,data/perturbed/rot2/hk_prospectus_new_03516_2026-09-18_p131.png,hk_prospectus_new_03516_2026-09-18,131,hk_prospectus,new,2481,3508,8703348,280393,data/corpus/hk_prospectus/hk_prospectus_new_03516_2026-09-18.pdf
photocopy,data/perturbed/photocopy/hk_prospectus_new_03516_2026-09-18_p131.png,hk_prospectus_new_03516_2026-09-18,131,hk_prospectus,new,1241,1754,2176714,3722828,data/corpus/hk_prospectus/hk_prospectus_new_03516_2026-09-18.pdf
dpi150,data/perturbed/dpi150/hk_prospectus_old_03132_2025-08-15_p54.png,hk_prospectus_old_03132_2025-08-15,54,hk_prospectus,old,1275,1650,2103750,386327,data/corpus/hk_prospectus/hk_prospectus_old_03132_2025-08-15.pdf
dpi100,data/perturbed/dpi100/hk_prospectus_old_03132_2025-08-15_p54.png,hk_prospectus_old_03132_2025-08-15,54,hk_prospectus,old,850,1100,935000,229405,data/corpus/hk_prospectus/hk_prospectus_old_03132_2025-08-15.pdf
jpeg30,data/perturbed/jpeg30/hk_prospectus_old_03132_2025-08-15_p54.jpg,hk_prospectus_old_03132_2025-08-15,54,hk_prospectus,old,2550,3300,8415000,484427,data/corpus/hk_prospectus/hk_prospectus_old_03132_2025-08-15.pdf
rot2,data/perturbed/rot2/hk_prospectus_old_03132_2025-08-15_p54.png,hk_prospectus_old_03132_2025-08-15,54,hk_prospectus,old,2550,3300,8415000,1779800,data/corpus/hk_prospectus/hk_prospectus_old_03132_2025-08-15.pdf
photocopy,data/perturbed/photocopy/hk_prospectus_old_03132_2025-08-15_p54.png,hk_prospectus_old_03132_2025-08-15,54,hk_prospectus,old,1275,1650,2103750,4026987,data/corpus/hk_prospectus/hk_prospectus_old_03132_2025-08-15.pdf
dpi150,data/perturbed/dpi150/hk_prospectus_old_03423_2025-08-27_p5.png,hk_prospectus_old_03423_2025-08-27,5,hk_prospectus,old,1241,1754,2176714,140512,data/corpus/hk_prospectus/hk_prospectus_old_03423_2025-08-27.pdf
dpi100,data/perturbed/dpi100/hk_prospectus_old_03423_2025-08-27_p5.png,hk_prospectus_old_03423_2025-08-27,5,hk_prospectus,old,827,1170,967590,88053,data/corpus/hk_prospectus/hk_prospectus_old_03423_2025-08-27.pdf
jpeg30,data/perturbed/jpeg30/hk_prospectus_old_03423_2025-08-27_p5.jpg,hk_prospectus_old_03423_2025-08-27,5,hk_prospectus,old,2481,3508,8703348,274559,data/corpus/hk_prospectus/hk_prospectus_old_03423_2025-08-27.pdf
rot2,data/perturbed/rot2/hk_prospectus_old_03423_2025-08-27_p5.png,hk_prospectus_old_03423_2025-08-27,5,hk_prospectus,old,2481,3508,8703348,637246,data/corpus/hk_prospectus/hk_prospectus_old_03423_2025-08-27.pdf
photocopy,data/perturbed/photocopy/hk_prospectus_old_03423_2025-08-27_p5.png,hk_prospectus_old_03423_2025-08-27,5,hk_prospectus,old,1241,1754,2176714,3833576,data/corpus/hk_prospectus/hk_prospectus_old_03423_2025-08-27.pdf
dpi150,data/perturbed/dpi150/hk_prospectus_old_03423_2025-08-27_p75.png,hk_prospectus_old_03423_2025-08-27,75,hk_prospectus,old,1241,1754,2176714,50504,data/corpus/hk_prospectus/hk_prospectus_old_03423_2025-08-27.pdf
dpi100,data/perturbed/dpi100/hk_prospectus_old_03423_2025-08-27_p75.png,hk_prospectus_old_03423_2025-08-27,75,hk_prospectus,old,827,1170,967590,31334,data/corpus/hk_prospectus/hk_prospectus_old_03423_2025-08-27.pdf
jpeg30,data/perturbed/jpeg30/hk_prospectus_old_03423_2025-08-27_p75.jpg,hk_prospectus_old_03423_2025-08-27,75,hk_prospectus,old,2481,3508,8703348,179650,data/corpus/hk_prospectus/hk_prospectus_old_03423_2025-08-27.pdf
rot2,data/perturbed/rot2/hk_prospectus_old_03423_2025-08-27_p75.png,hk_prospectus_old_03423_2025-08-27,75,hk_prospectus,old,2481,3508,8703348,237696,data/corpus/hk_prospectus/hk_prospectus_old_03423_2025-08-27.pdf
photocopy,data/perturbed/photocopy/hk_prospectus_old_03423_2025-08-27_p75.png,hk_prospectus_old_03423_2025-08-27,75,hk_prospectus,old,1241,1754,2176714,3707994,data/corpus/hk_prospectus/hk_prospectus_old_03423_2025-08-27.pdf
dpi150,data/perturbed/dpi150/hk_prospectus_old_03423_2025-08-27_p127.png,hk_prospectus_old_03423_2025-08-27,127,hk_prospectus,old,1241,1754,2176714,56876,data/corpus/hk_prospectus/hk_prospectus_old_03423_2025-08-27.pdf
dpi100,data/perturbed/dpi100/hk_prospectus_old_03423_2025-08-27_p127.png,hk_prospectus_old_03423_2025-08-27,127,hk_prospectus,old,827,1170,967590,38051,data/corpus/hk_prospectus/hk_prospectus_old_03423_2025-08-27.pdf
jpeg30,data/perturbed/jpeg30/hk_prospectus_old_03423_2025-08-27_p127.jpg,hk_prospectus_old_03423_2025-08-27,127,hk_prospectus,old,2481,3508,8703348,187948,data/corpus/hk_prospectus/hk_prospectus_old_03423_2025-08-27.pdf
rot2,data/perturbed/rot2/hk_prospectus_old_03423_2025-08-27_p127.png,hk_prospectus_old_03423_2025-08-27,127,hk_prospectus,old,2481,3508,8703348,279356,data/corpus/hk_prospectus/hk_prospectus_old_03423_2025-08-27.pdf
photocopy,data/perturbed/photocopy/hk_prospectus_old_03423_2025-08-27_p127.png,hk_prospectus_old_03423_2025-08-27,127,hk_prospectus,old,1241,1754,2176714,3722063,data/corpus/hk_prospectus/hk_prospectus_old_03423_2025-08-27.pdf
